Property Name,Unit,BD/BA,Tag,Status,Rent,Lease From,Lease To,Move-in,Move-out,OB Date
10000 S Lafayette Ave,,5/1.50,,Current,"2,020.00",9/22/2025,9/30/2026,9/22/2025,,
10005 S. Van Vlissingen Rd.,,3/2.00,,Current,"1,600.00",2/1/2025,3/31/2027,2/1/2025,,
10006 S. Van Vlissingen Rd.,,3/1.50,,Current,"1,650.00",9/2/2025,9/30/2026,9/2/2025,,
10018 S. Calhoun Ave.,,2/1.00,,Current,"1,600.00",3/1/2024,2/28/2027,12/18/2020,,
10021 S. Calhoun Ave.,,3/2.00,,Current,"1,575.00",7/5/2024,7/31/2026,7/5/2024,,
10031 S Indiana Ave,,3/2.00,,Current,"2,150.00",5/1/2025,4/30/2027,5/1/2022,,
10100 S. Van Vlissingen Rd.,,2/1.00,,Current,"1,575.00",9/13/2024,9/30/2026,9/13/2024,,
10106 S. Van Vlissingen Rd.,,3/1.00,,Current,"1,725.00",5/1/2023,4/30/2027,5/1/2022,,
10111 S. Van Vlissingen Rd.,,3/1.00,,Current,"1,450.00",4/1/2023,3/31/2027,3/13/2017,,
10111 S. Yates Blvd.,,4/1.00,,Current,"1,750.00",9/7/2024,9/30/2026,9/7/2024,,
10115 S. Van Vlissingen Rd.,,3/1.00,,Current,"1,695.00",9/1/2024,8/31/2026,3/1/2017,,
10119 S Peoria St,,4/2.00,,Current,"2,095.00",7/24/2025,7/31/2026,7/24/2025,,
10119 S. Oglesby Ave.,,4/1.50,,Notice-Unrented,"1,600.00",3/1/2025,,11/1/2020,5/31/2026,
10123 S. Bensley Ave.,,3/1.00,,Current,"1,543.00",3/1/2025,2/28/2027,10/6/2016,,
10126 S. Yates Blvd.,,2/1.00,,Current,"1,500.00",2/1/2025,1/31/2027,10/2/2018,,
10141 S. Crandon Ave.,,4/1.50,,Current,"1,600.00",2/1/2025,3/31/2027,2/1/2025,,
10144 S. Torrence Ave.,,3/1.00,,Current,"1,850.00",4/1/2026,3/31/2027,11/1/2014,,
10149 S. Oglesby Ave.,,4/1.50,,Current,"1,950.00",9/1/2024,8/31/2026,9/1/2024,,
10153 S. Crandon Ave.,,4/1.50,,Current,"1,650.00",5/1/2025,4/30/2027,4/19/2024,,
10207 S. Calhoun Ave.,,3/1.00,,Current,"1,550.00",2/1/2025,1/31/2027,10/20/2023,,
10217 S. Hoxie Ave,,4/1.00,,Current,"1,695.00",9/1/2024,8/31/2026,1/15/2019,,
10227 S Sangamon St,,3/2.00,,Current,"1,785.00",7/1/2024,6/30/2027,6/2/2020,,
10230 S. Van Vlissingen Rd.,,3/1.00,,Current,"1,500.00",3/1/2025,2/28/2027,5/27/2016,,
10232 S. Yates Blvd.,,3/1.00,,Current,"1,420.00",7/1/2024,6/30/2026,1/22/2016,,
10237 S Hoxie Ave,,4/1.50,,Current,"1,825.00",5/1/2025,5/31/2027,5/1/2025,,
10238 S. Torrence Ave.,,3/1.00,,Current,"1,700.00",9/1/2024,8/31/2027,8/9/2023,,
10240 S Van Vlissingen Rd,,3/1.00,,Current,"1,550.00",3/1/2024,2/28/2026,10/1/2020,,
10240 S. Yates Blvd.,,5/2.00,,Current,"1,600.00",1/15/2025,3/31/2027,1/15/2025,,
10246 S Van Vlissingen Rd,,3/2.00,,Current,"1,600.00",8/1/2024,7/31/2026,7/15/2020,,
10249 S. Van Vlissingen Rd.,,3/1.00,,Current,"1,525.00",5/31/2024,5/31/2027,5/31/2024,,
1028 W Roscoe St,Unit G,2/1.00,,Current,"2,450.00",8/1/2025,7/31/2027,8/1/2025,,
1028 W Roscoe St,Unit 1,3/1.00,,Current,"2,450.00",1/1/2026,3/31/2027,1/1/2026,,
1028 W Roscoe St,Unit 2,4/2.00,,Current,"3,850.00",8/1/2024,7/31/2027,8/1/2024,,
10451 S Indiana Ave,,3/2.00,,Current,"1,800.00",6/1/2024,5/31/2027,6/1/2017,,
1050 W Dakin St,Unit 1A,3/3.00,,Notice-Unrented,"2,775.00",11/15/2024,5/31/2026,11/15/2024,5/31/2026,
1050 W Dakin St,Unit 3C,2/3.00,,Notice-Rented,"2,800.00",3/1/2025,5/31/2026,3/1/2025,5/31/2026,
10512 S Eberhart Ave,,3/2.00,,Current,"1,750.00",8/1/2024,7/31/2026,6/1/2019,,
10546 S Aberdeen St,,3/2.00,,Current,"1,925.00",4/1/2024,3/31/2027,9/4/2020,,
10547 S Sangamon St,,4/2.00,,Current,"2,150.00",7/1/2024,6/30/2027,5/15/2020,,
1060 W Hollywood Ave,Unit 313,1/1.00,,Current,"1,350.00",10/15/2024,2/28/2027,10/15/2024,,
10622 S Eberhart Ave,,3/1.50,,Current,"1,725.00",11/1/2018,8/31/2026,11/1/2017,,
10638 S Peoria St,,2/1.00,,Current,"1,550.00",3/1/2023,3/3/2027,12/2/2019,,
10639 S Emerald Ave,,3/2.00,,Current,"2,025.00",2/1/2025,1/31/2027,3/20/2019,,
10650 S Claremont Ave,Unit 1,3/2.00,,Current,"2,000.00",6/1/2025,5/31/2027,6/1/2023,,
10650 S Claremont Ave,Unit 2,3/2.00,,Vacant-Unrented,,,,,,
1067 W. 97th St,,3/2.00,,Notice-Unrented,"2,220.00",6/1/2023,5/31/2026,6/1/2022,5/31/2026,
1108 W Pratt Blvd,Unit 2,2/2.00,,Current,"2,600.00",6/7/2025,6/30/2027,6/7/2025,,
1113 - 1115 W Patterson Ave,1113-1E,3/2.00,,Current,"2,430.00",5/1/2025,4/30/2027,4/15/2022,,
1113 - 1115 W Patterson Ave,1113-1W,3/2.00,,Current,"2,350.00",6/13/2024,6/30/2027,6/13/2024,,
1113 - 1115 W Patterson Ave,1113-2E,2/2.00,,Current,"1,845.00",8/1/2024,7/31/2026,8/1/2021,,
1113 - 1115 W Patterson Ave,1113-2W,2/1.00,,Current,"1,695.00",8/8/2025,8/31/2026,8/8/2025,,
1113 - 1115 W Patterson Ave,1115-G,1/1.00,,Current,"1,770.00",4/23/2025,4/30/2027,4/23/2025,,
1113 - 1115 W Patterson Ave,1115-1F,2/1.00,,Current,"1,715.00",7/15/2023,7/31/2027,7/15/2023,,
1113 - 1115 W Patterson Ave,1115-2F,2/1.00,,Current,"1,900.00",9/1/2024,8/31/2027,9/1/2023,,
1113 - 1115 W Patterson Ave,1115-3F,2/1.00,,Current,"1,825.00",7/1/2026,6/30/2027,7/1/2023,,
1113 - 1115 W Patterson Ave,1115-1R,2/1.00,,Current,"1,720.00",1/7/2025,3/31/2027,1/7/2025,,
1113 - 1115 W Patterson Ave,1115-2R,2/1.00,,Current,"1,795.00",4/23/2025,,4/20/2025,,
1132 W 104th St,,3/1.00,,Notice-Unrented,"1,800.00",11/1/2025,7/31/2026,8/1/2022,5/11/2026,
11347 S King Dr,Unit 1,3/1.00,,Current,"1,495.00",5/4/2026,5/31/2027,5/4/2026,,
11347 S King Dr,Unit 2,4/1.00,,Current,"1,800.00",6/1/2024,5/31/2027,6/1/2024,,
1136 W Fullerton Ave,Unit 3,3/2.00,,Current,"5,500.00",9/12/2025,2/28/2027,9/12/2025,,
1136 W Pratt Blvd,Unit 3N,2/2.00,,Current,"2,095.00",11/14/2025,2/28/2027,11/14/2025,,
11514 S Laflin St,,4/2.00,,Current,"1,935.00",3/1/2025,2/28/2027,3/1/2023,,
11641 S Morgan St,,3/1.00,,Current,"1,391.00",10/1/2021,10/31/2026,10/1/2021,,
12136 S Bishop St,,3/1.00,,Current,"1,750.00",10/15/2025,2/28/2027,10/15/2025,,
12208 S May St,,3/2.00,,Current,"1,600.00",10/2/2025,10/31/2026,7/1/2020,,
1221 N Dearborn St,Unit P9N,2/1.50,,Notice-Unrented,"3,300.00",7/15/2024,7/31/2026,7/15/2024,7/31/2026,
1225 N Orleans St,Unit 603,2/2.00,,Current,"2,995.00",10/24/2025,2/28/2027,10/24/2025,,
123 S Green St,Unit 708B,2/2.00,,Current,"3,645.00",8/1/2024,7/31/2027,8/1/2024,,
1238 N Bosworth Ave,Unit 302,3/2.00,,Current,"4,400.00",11/15/2024,2/28/2027,11/15/2024,,
1241 W Jarvis Ave,Unit GN,2/2.00,,Current,"1,945.00",10/1/2025,9/30/2026,10/1/2025,,
1249 W 108th Pl,,2/1.00,,Notice-Unrented,"1,330.00",5/1/2025,4/30/2026,5/1/2024,6/30/2026,
1250 S Federal St,Unit C,3/1.50,,Current,"3,450.00",10/1/2024,9/30/2026,10/1/2023,,
1260 W Washington Blvd,Unit 202,2/2.00,,Current,"3,700.00",7/7/2025,7/6/2027,7/6/2025,,
1260 W Washington Blvd,Unit 508,2/2.00,,Current,"3,500.00",1/1/2026,3/31/2027,1/1/2026,,
12716 S Peoria St,,3/1.00,,Current,"1,500.00",12/1/2023,1/31/2027,7/16/2018,,
12870 S Green St,,2/1.00,,Current,"1,495.00",5/1/2026,4/30/2027,5/1/2026,,
1306 W Cornelia Ave,Unit 1,4/3.00,,Current,"4,135.00",11/29/2024,5/31/2026,11/29/2024,,
1306 W Cornelia Ave,Unit 2,2/1.00,,Current,"2,260.00",7/1/2024,6/30/2027,7/31/2020,,
1306 W Cornelia Ave,Unit 3,2/1.00,,Current,"2,400.00",10/1/2024,9/30/2026,9/24/2021,,
13230 S Carondolet Ave,,5/1.50,,Notice-Unrented,"2,300.00",3/1/2025,2/28/2026,2/2/2020,5/31/2026,
13419 S Brandon Ave,Unit 1,3/2.00,,Current,"1,425.00",11/28/2025,2/28/2027,11/28/2025,,
13419 S Brandon Ave,Unit 2,3/2.00,,Current,"1,700.00",7/1/2023,6/30/2026,3/15/2021,,
13419 S Brandon Ave,Unit 3,3/2.00,,Current,"1,620.00",10/15/2025,2/28/2027,10/15/2025,,
1353 N Bell Ave,Unit 1,2/1.00,,Current,"2,700.00",8/18/2025,8/31/2026,8/18/2025,,
1353 N Bell Ave,Unit 2,3/2.00,,Notice-Unrented,"4,350.00",10/7/2024,3/31/2026,10/7/2024,6/30/2026,
1371 W Crystal St,Unit B,2/2.00,,Current,"2,600.00",7/1/2025,6/30/2026,7/1/2025,,
1400 S Michigan Ave,Unit 1407,1/1.00,,Current,"1,920.00",12/15/2023,6/30/2027,12/15/2023,,
1423 W Oakdale Ave,Unit 2,2/2.50,,Vacant-Rented,,,,,,
1423 W Oakdale Ave,Unit G,2/1.00,,Current,"2,095.00",7/19/2025,7/31/2027,7/19/2025,,
1439 N Artesian Ave,Unit 1,3/2.00,,Notice-Unrented,"2,900.00",6/15/2025,6/30/2026,6/15/2025,6/30/2026,
1439 N Artesian Ave,Unit 2,2/1.00,,Current,"2,120.00",8/1/2025,7/31/2027,8/1/2025,,
1439 N Artesian Ave,Unit 3,2/1.00,,Current,"1,875.00",9/1/2025,8/31/2026,9/1/2025,,
1440 N Lake Shore Dr,Unit 12B,0/1.00,,Current,"1,850.00",8/1/2024,7/31/2027,8/1/2024,,
1440 S Wabash Ave,Unit 411,2/2.00,,Current,"2,700.00",1/31/2024,1/31/2027,1/31/2024,,
1443 W Berteau Ave,Unit G,2/1.00,,Current,"1,775.00",7/1/2026,6/30/2027,7/1/2024,,
1443 W Berteau Ave,Unit 1,3/2.00,,Current,"2,800.00",1/15/2026,5/31/2027,1/15/2026,,
1443 W Berteau Ave,Unit 2,3/2.00,,Current,"3,100.00",4/1/2026,3/31/2027,1/3/2025,,
1455 W Augusta Blvd,Unit G,1/1.00,,Current,"1,670.00",5/1/2025,4/30/2027,10/31/2021,,
1455 W Augusta Blvd,Unit 1,2/1.00,,Current,"2,345.00",2/15/2026,3/31/2027,2/15/2026,,
1455 W Augusta Blvd,Unit 2,2/1.00,,Notice-Rented,"2,305.00",5/27/2024,5/31/2026,5/27/2024,5/31/2026,
1460 N Sandburg Ter,Unit 303,1/1.00,,Current,"2,250.00",6/1/2023,5/31/2026,5/22/2022,,
1464 S Michigan Ave,Unit 1408,1/1.00,,Current,"1,950.00",4/1/2025,6/30/2026,9/25/2021,,
1464 S Michigan Ave,Unit 2006,1/1.00,,Current,"2,150.00",8/20/2025,8/31/2026,8/20/2025,,
1501 N Leamington Ave,Unit 2,2/1.00,,Notice-Unrented,"1,600.00",9/1/2025,8/31/2026,9/1/2025,8/31/2026,
1501 N Leamington Ave,Unit 1,4/2.00,,Current,"2,200.00",10/1/2025,9/30/2026,10/1/2025,,
1503 S. State St.,Unit 809,1/1.00,,Current,"2,200.00",8/1/2024,7/31/2026,7/21/2020,,
1505 N Maplewood Ave,Unit 2,2/2.00,,Current,"2,200.00",8/12/2024,8/31/2026,8/12/2024,,
1508 W Schreiber Ave,Unit 2,2/2.00,,Current,"1,750.00",5/1/2025,4/30/2027,5/1/2015,,
1512 W 17th St,Unit 1F,4/2.00,,Current,"2,500.00",9/1/2024,8/31/2026,8/17/2023,,
1512 W 17th St,Unit 1R,3/1.00,,Current,"1,595.00",1/3/2026,2/28/2027,1/3/2026,,
1512 W 17th St,Unit 2R,3/1.00,,Current,"1,950.00",7/15/2025,7/31/2026,7/15/2025,,
1515 E. 67th Pl.,Unit 1,3/1.00,,Current,"1,495.00",10/28/2025,2/28/2027,10/28/2025,,
1515 E. 67th Pl.,Unit 2,3/1.00,,Current,"1,425.00",3/1/2025,4/30/2027,2/3/2021,,
1515 E. 67th Pl.,Unit 3,3/1.00,,Current,"1,350.00",7/15/2024,7/31/2027,7/15/2024,,
1516 S Wabash Ave,Unit 707,1/1.00,,Current,"2,300.00",7/1/2024,6/30/2027,7/1/2024,,
1529 S State St,Unit 15A,2/2.00,,Current,"2,895.00",2/1/2025,3/31/2027,2/1/2025,,
1540 N La Salle Dr,Unit 1808,1/1.00,,Current,"2,245.00",11/21/2024,11/30/2026,11/21/2024,,
1600 S Prairie Ave,Unit 1307,2/2.00,,Current,"3,350.00",4/15/2026,4/30/2027,4/15/2026,,
1600 S Prairie Ave,Unit 2105,1/1.50,,Current,"2,300.00",9/24/2024,9/30/2026,9/24/2024,,
1610 S Allport St,Unit 1,3/2.00,,Current,"2,925.00",5/1/2025,4/30/2027,5/1/2025,,
1610 S Allport St,Unit 2,3/2.00,,Current,"2,550.00",5/1/2025,4/30/2027,8/20/2021,,
1625 W Ainslie St,Unit 1W,2/2.00,,Notice-Unrented,"2,495.00",8/30/2025,8/31/2026,8/30/2025,8/31/2026,
1631 W. Warren Blvd.,Unit 2,2/2.00,,Current,"2,325.00",4/1/2025,3/31/2027,1/1/2022,,
1649 N Richmond St,Unit 1,3/2.00,,Current,"3,020.00",12/22/2025,3/31/2027,12/22/2025,,
1649 N Richmond St,Unit 2,3/1.00,,Current,"2,800.00",7/1/2025,6/30/2027,7/1/2024,,
1649 N Richmond St,Unit 3,2/1.00,,Current,"1,950.00",7/1/2025,6/30/2027,7/1/2024,,
1650 W 100th St,,4/2.00,,Current,"3,250.00",8/8/2025,,8/8/2025,,
1671 W Farwell Ave,Unit 2S,2/1.50,,Notice-Unrented,"1,900.00",7/15/2025,6/30/2026,7/15/2025,6/30/2026,
1707 W Augusta Blvd,Unit CH,4/2.00,,Current,"3,300.00",4/1/2025,3/31/2027,11/2/2018,,
1707 W Augusta Blvd,Unit 1F,2/1.00,,Current,"1,900.00",10/24/2024,2/28/2027,10/24/2024,,
1707 W Augusta Blvd,Unit 2F,2/1.00,,Current,"1,900.00",10/5/2024,2/28/2027,10/5/2024,,
1711 W Estes Ave,Unit 1S,1/1.00,,Vacant-Unrented,,,,,,
1720 S Michigan Ave,Unit 2917,1/1.00,,Current,"1,695.00",11/1/2025,10/31/2026,9/1/2022,,
1720 S Michigan Ave,Unit 707,1/1.00,,Current,"1,795.00",8/13/2025,8/31/2026,8/13/2025,,
1726 N Sawyer Ave,Unit 1,2/1.00,,Current,"1,625.00",12/15/2025,3/31/2027,12/15/2025,,
1726 N Sawyer Ave,Unit 2,2/1.00,,Notice-Unrented,"1,300.00",5/1/2020,7/31/2025,5/1/2020,8/31/2026,
1726 N Sawyer Ave,Unit 3,1/1.00,,Current,"1,295.00",1/1/2026,3/31/2027,1/1/2026,,
1727 W Albion Ave,Unit 1,2/1.00,,Current,"1,600.00",4/1/2025,3/31/2027,3/16/2024,,
1727 W Albion Ave,Unit 2,2/1.00,,Current,"1,920.00",1/30/2026,3/31/2027,1/30/2026,,
1727 W Albion Ave,Unit 3,2/1.00,,Current,"1,850.00",12/4/2025,3/31/2027,12/4/2025,,
1732 W Wallen Ave,Unit G,2/1.00,,Notice-Unrented,"1,350.00",6/24/2025,6/30/2026,6/24/2025,6/30/2026,
1732 W Wallen Ave,Unit 1,2/1.00,,Current,"2,020.00",3/1/2025,2/28/2027,3/1/2019,,
1732 W Wallen Ave,Unit 2,2/1.00,,Notice-Unrented,"1,900.00",10/26/2024,2/28/2027,10/26/2024,6/15/2026,
175 E Delaware Pl,Unit 8703,3/2.50,,Current,"5,500.00",10/17/2025,10/31/2026,10/17/2025,,
1756 W Roscoe St,Unit 1,3/2.00,,Current,"2,800.00",2/21/2026,4/30/2027,2/21/2026,,
1756 W Roscoe St,Unit 2,3/2.00,,Current,"2,700.00",10/1/2023,9/30/2026,5/1/2023,,
1756 W Roscoe St,Unit 3,3/2.00,,Current,"2,425.00",3/1/2024,2/28/2027,3/1/2022,,
1824 W Ellen St,Unit G,1/1.00,,Current,"1,735.00",10/1/2025,9/30/2026,9/28/2024,,
1824 W Ellen St,Unit 1,2/2.00,,Current,"3,045.00",11/1/2025,2/28/2027,11/1/2025,,
1824 W Ellen St,Unit 2,2/2.00,,Current,"3,000.00",9/27/2025,9/30/2026,9/27/2025,,
1833 N Drake Ave,Unit B,2/1.00,,Current,"1,350.00",1/25/2025,3/31/2027,1/25/2025,,
1833 N Drake Ave,Unit 2,1/1.00,,Notice-Rented,"1,250.00",2/1/2025,5/31/2026,1/15/2021,5/31/2026,
1833 N Drake Ave,Unit 1,2/1.00,,Vacant-Unrented,,,,,,
1836 W Foster Ave,Unit 2W,2/2.00,,Current,"3,700.00",5/1/2026,4/30/2027,5/1/2026,,
1850 W Division St,Unit 3B,2/2.00,,Notice-Unrented,"3,600.00",6/29/2024,6/30/2026,6/29/2024,6/30/2026,
1906 N Drake Ave,Unit 2B,2/1.00,,Current,"1,675.00",4/1/2025,4/30/2027,4/1/2025,,
1922 E. 96th St.,,2/1.00,,Current,"1,575.00",2/1/2025,1/31/2027,10/2/2018,,
1924 N Honore St,Unit 3F,1/1.00,,Current,"2,200.00",11/15/2025,2/28/2027,11/15/2025,,
1932 N Karlov Ave,,3/1.50,,Current,"2,795.00",4/19/2026,4/30/2027,4/19/2026,,
1935 N Fairfield Ave,Unit 103,2/2.00,,Current,"2,875.00",9/9/2024,9/30/2026,9/9/2024,,
1943 N Hudson Ave,Unit B,2/1.50,,Current,"4,400.00",8/15/2025,8/31/2026,8/15/2025,,
1968 W Winnemac Ave,Unit 3,2/1.00,,Current,"2,225.00",4/1/2025,3/31/2027,8/1/2025,,
2 E Erie St,Unit 1714,1/1.00,,Current,"1,750.00",6/1/2025,5/31/2027,6/1/2025,,
2005 W Chase Ave,Unit 2,2/2.00,,Current,"1,400.00",6/1/2025,5/31/2027,5/31/2024,,
2019 E 93rd St,,4/2.00,,Current,"2,000.00",5/1/2024,4/30/2027,12/23/2017,,
2104 W Montrose Ave,Unit 2,2/2.00,,Current,"2,400.00",3/15/2025,3/31/2027,3/15/2025,,
212 W Washington St,Unit 1206,1/1.00,,Current,"2,150.00",6/28/2024,6/30/2027,6/28/2024,,
2141 E 97th Place,,2/1.00,,Current,"1,350.00",9/1/2024,8/31/2026,9/1/2018,,
2144 W Estes Ave,Unit 2,3/2.00,,Current,"2,125.00",1/1/2026,2/28/2027,1/1/2026,,
2144 W Estes Ave,Unit G,2/1.00,,Current,"1,375.00",12/6/2025,3/31/2027,12/6/2025,,
2144 W Estes Ave,Unit 1,3/2.00,,Current,"2,050.00",2/1/2025,1/31/2027,11/27/2023,,
2145 N Lakewood Ave,Unit 3NR,2/1.00,,Notice-Unrented,"2,525.00",8/1/2024,7/31/2026,7/15/2023,7/31/2026,
2147 N Kenmore Ave,Unit 3S,2/1.00,,Current,"2,895.00",12/15/2024,2/28/2027,12/15/2024,,
2203 E 97th St,,2/2.00,,Current,"1,400.00",8/1/2024,7/31/2026,8/1/2024,,
2220 E. 100th St.,,3/1.00,,Current,"1,595.00",7/1/2024,6/30/2027,6/7/2017,,
2227 N Clybourn Ave,Unit 1,2/1.00,,Current,"1,875.00",6/1/2025,5/31/2027,3/1/2018,,
2227 N Clybourn Ave,Unit 2,1/1.50,,Current,"2,200.00",1/1/2025,12/31/2026,12/17/2021,,
2227 N Clybourn Ave,Unit G,0/1.00,,Current,"1,225.00",4/15/2026,4/30/2027,4/15/2026,,
2227 N Clybourn Ave,Unit CH,2/1.50,,Current,"2,775.00",4/13/2024,4/30/2027,4/13/2024,,
227 W Scott St,Unit 2W,2/2.00,,Current,"3,075.00",4/1/2025,3/31/2027,4/1/2023,,
2324-2326 W 25th St,2324-Unit 1,2/1.00,,Current,"1,995.00",10/28/2025,2/28/2027,10/28/2025,,
2324-2326 W 25th St,2324-Unit 2,2/1.00,,Current,"1,675.00",7/1/2024,6/30/2028,12/15/2022,,
2324-2326 W 25th St,2326-Unit 1,3/2.00,,Notice-Unrented,"2,450.00",5/1/2023,4/30/2026,12/15/2022,5/30/2026,
2324-2326 W 25th St,2326-Unit 2,2/1.00,,Current,"1,895.00",8/1/2024,7/31/2027,7/15/2023,,
2326 N Greenview Ave,Unit 3,2/2.00,,Current,"4,750.00",9/1/2025,5/31/2027,9/1/2025,,
2329 N Sacramento Ave,Unit BD,2/1.00,,Current,"1,350.00",5/1/2025,4/30/2027,5/1/2022,,
2329 N Sacramento Ave,Unit 1,2/1.00,,Current,"1,950.00",10/1/2024,9/30/2026,9/15/2023,,
2329 N Sacramento Ave,Unit 2,2/1.00,,Current,"2,600.00",4/1/2025,4/30/2027,4/1/2025,,
235 Van Buren St,Unit 2905,2/2.00,,Current,"2,895.00",12/8/2025,2/28/2027,12/8/2025,,
235 W Van Buren St,Unit 4501,2/3.00,,Vacant-Unrented,,,,,,
2413 W Haddon Ave,Unit 2,2/2.00,,Current,"2,995.00",5/15/2025,5/31/2027,5/15/2025,,
2414 W Harrison St,Unit G,5/2.50,,Current,"3,297.00",9/9/2020,9/30/2026,9/9/2020,,
2446 N Kildare Ave,Unit G,1/1.00,,Current,660,6/25/2011,,12/20/2021,,
2446 N Kildare Ave,Unit 1,2/1.00,,Current,"1,645.00",4/27/2024,4/30/2027,4/27/2024,,
2446 N Kildare Ave,Unit 2,2/1.00,,Current,"1,600.00",3/1/2025,4/30/2027,3/1/2025,,
2519 N Hamlin Ave,Unit 1,3/1.00,,Current,"1,600.00",8/1/2020,6/30/2027,12/1/2024,,
2519 N Hamlin Ave,Unit 2,4/2.00,,Current,"2,995.00",7/15/2025,7/31/2027,7/15/2025,,
2519 N Hamlin Ave,Unit B,2/1.00,,Current,"1,525.00",2/27/2026,3/31/2027,2/27/2026,,
2524 E. 98th St.,,3/1.00,,Current,"1,400.00",10/1/2024,9/30/2026,9/23/2016,,
2527 W Harrison St,Unit 2,2/2.00,,Current,"2,195.00",7/1/2025,6/30/2026,7/1/2025,,
2530 E. 97th Pl.,,2/1.00,,Current,"1,495.00",10/1/2024,9/30/2026,9/2/2022,,
2534 E 96th St,,2/1.00,,Current,"1,495.00",10/1/2024,9/30/2026,9/10/2015,,
2548-2550 W Washington Blvd,2548 Unit 2E,2/1.00,,Current,"1,050.00",11/1/2012,7/31/2027,11/1/2012,,
2548-2550 W Washington Blvd,2548 Unit 3E,2/1.00,,Current,"1,200.00",3/1/2013,5/31/2027,3/1/2013,,
2548-2550 W Washington Blvd,2548 Unit BE,2/1.00,,Current,"1,150.00",4/1/2026,3/31/2027,4/1/2026,,
2548-2550 W Washington Blvd,2550 Unit 1W,2/1.00,,Current,"1,350.00",8/30/2025,8/31/2026,8/30/2025,,
2548-2550 W Washington Blvd,2550 Unit 2W,2/1.00,,Current,"1,100.00",4/1/2017,7/31/2026,4/1/2017,,
2548-2550 W Washington Blvd,2550 Unit 3W,2/1.00,,Current,"1,420.00",7/8/2025,7/31/2026,7/8/2025,,
2548-2550 W Washington Blvd,2548 Unit 1E,2/1.00,,Vacant-Rented,,,,,,
2605 E. 92nd St.,Unit 1,2/1.00,,Current,"1,400.00",5/1/2024,4/30/2027,5/1/2021,,
2605 E. 92nd St.,Unit 2,2/1.00,,Vacant-Unrented,,,,,,
2608 S Emerald Ave,Unit C,3/1.50,,Current,"1,950.00",10/12/2024,2/28/2027,10/12/2024,,
2622 E. 91st St.,,3/2.00,,Current,"1,650.00",10/1/2024,9/30/2026,12/10/2016,,
2624 N Springfield Ave,Unit G,1/1.00,,Current,"1,475.00",3/1/2023,3/31/2028,2/5/2022,,
2624 N Springfield Ave,Unit 1,2/1.00,,Current,"1,950.00",10/1/2024,4/30/2027,10/1/2024,,
2624 N Springfield Ave,Unit 2,2/1.00,,Current,"1,900.00",7/1/2025,6/30/2027,7/1/2025,,
2625 W 21st Pl,Unit 1,2/2.00,,Current,"1,300.00",11/1/2019,4/30/2027,11/1/2019,,
2625 W 21st Pl,Unit 2,1/1.00,,Current,"1,300.00",4/1/2026,11/16/2026,11/17/2025,,
2628 N Spaulding Ave,Unit 2,2/2.00,,Current,"2,140.00",2/1/2025,1/31/2027,11/15/2023,,
2643 N Southport Ave,Unit 1R,1/2.00,,Current,"2,325.00",4/1/2025,3/31/2027,1/28/2021,,
2651 E. 92nd St.,,2/1.00,,Current,"1,550.00",9/27/2024,9/30/2026,9/27/2024,,
2659 N Ashland Ave,Unit 11,3/2.50,,Current,"4,800.00",7/1/2024,6/30/2026,6/15/2023,,
2702 W Cortland St,Unit 3,2/1.00,,Notice-Unrented,"2,500.00",8/1/2025,6/30/2026,7/1/2025,6/30/2026,
2717 N Hamlin Ave,Unit 1,2/1.00,,Current,"1,900.00",3/1/2025,2/28/2027,3/1/2025,,
2717 N Hamlin Ave,Unit 2,2/1.50,,Current,"2,550.00",5/1/2025,4/30/2027,5/1/2023,,
2717 N Hamlin Ave,Unit G,1/1.00,,Current,"1,375.00",10/20/2025,2/28/2027,10/20/2025,,
2724 W Warren Blvd,Unit 2W,2/1.50,,Current,"1,725.00",6/15/2024,6/30/2027,6/15/2024,,
2730 N Greenview Ave,Unit G,3/3.00,,Current,"5,200.00",7/15/2025,7/31/2027,7/15/2025,,
2753 N Wayne Ave,Unit A,2/2.50,,Current,"3,830.00",11/15/2025,2/28/2027,11/15/2025,,
2804 N Lakewood Ave,Unit 205,2/2.00,,Current,"3,725.00",7/1/2025,6/30/2027,7/1/2025,,
2840 N Maplewood Ave,Unit 1,2/1.00,,Current,"1,995.00",8/22/2025,8/31/2026,8/22/2025,,
2840 N Maplewood Ave,Unit 2,2/1.00,,Notice-Unrented,"1,850.00",8/1/2024,7/31/2026,7/27/2022,8/31/2026,
29 W. Garfield Blvd,Unit 1,3/1.00,,Notice-Unrented,"1,250.00",10/15/2017,,10/15/2017,5/31/2026,
29 W. Garfield Blvd,Unit 2,3/1.00,,Evict,"1,500.00",6/5/2025,6/30/2026,6/5/2025,,
2926 N Avers Ave,Unit 2,2/1.00,,Current,"2,000.00",11/1/2025,10/31/2026,7/1/2015,,
2926 N Avers Ave,Unit 1,2/1.00,,Vacant-Rented,,,,,,
2928 N Ridgeway Ave,Unit 1,2/1.00,,Current,"1,700.00",11/19/2022,,11/19/2022,,
2928 N Ridgeway Ave,Unit 2,3/1.00,,Current,900,7/1/2021,,7/1/2021,,
2928 N Ridgeway Ave,Unit 3,3/1.00,,Vacant-Rented,,,,,,
2950 N Allen Ave,Unit 2,4/2.00,,Current,"3,045.00",10/1/2025,1/31/2027,10/1/2025,,
2957 W Nelson St,Unit G,2/1.00,,Current,"1,375.00",10/1/2024,9/30/2026,9/15/2023,,
3014 W Warren Blvd,Unit 1,3/2.50,,Notice-Unrented,"2,900.00",8/11/2025,8/31/2026,8/11/2025,8/31/2026,
3014 W Warren Blvd,Unit 2,2/2.00,,Current,"1,919.00",8/1/2024,7/31/2027,8/1/2024,,
3038 S Wallace St,Unit 1F,2/1.00,,Current,820,1/1/2000,4/30/2027,1/1/2000,,
3038 S Wallace St,Unit BF,2/1.00,,Current,"1,050.00",8/1/2020,4/30/2027,8/1/2020,,
3038 S Wallace St,Unit 2F,2/1.00,,Current,730,1/1/2000,3/31/2026,1/1/2000,,
3038 S Wallace St,Unit BR,2/1.00,,Current,850,6/1/2017,3/31/2026,6/1/2017,,
3038 S Wallace St,Unit 1R,2/1.00,,Current,950,10/1/2019,4/30/2027,10/1/2019,,
3038 S Wallace St,Unit 2R,2/1.00,,Current,750,1/1/2000,3/31/2026,1/1/2000,,
3053 W Lyndale St,Unit B,2/1.00,,Current,"1,525.00",7/1/2025,6/30/2027,7/1/2025,,
3053 W Lyndale St,Unit 1,3/1.00,,Current,"2,195.00",4/10/2026,4/30/2027,4/10/2026,,
3053 W Lyndale St,Unit 2,3/1.00,,Notice-Unrented,"1,625.00",1/31/2025,,1/31/2025,5/10/2026,
3059 W Lyndale St,Unit 1,2/1.00,,Current,"1,625.00",10/1/2025,9/30/2026,10/1/2025,,
3059 W Lyndale St,Unit 2,2/1.00,,Current,"1,975.00",9/1/2025,8/31/2026,9/1/2023,,
3100 N Sacramento Ave,Unit 1,1/1.00,,Current,"1,580.00",3/1/2025,2/28/2027,2/15/2023,,
3100 N Sacramento Ave,Unit 2,1/1.00,,Notice-Unrented,"1,310.00",6/1/2024,5/31/2026,12/27/2022,6/30/2026,
3100 N Sacramento Ave,Unit G,2/1.00,,Notice-Unrented,"1,150.00",8/1/2024,7/31/2026,2/1/2023,7/31/2026,
3109 N Neva Ave,,3/2.50,,Current,"2,670.00",12/26/2025,4/30/2027,12/26/2025,,
3202 N Kildare Ave,Unit 3S,3/2.00,,Current,"3,100.00",1/1/2026,3/31/2027,1/1/2026,,
3205 W Division St,Unit 401,2/2.00,,Current,"2,145.00",10/4/2025,10/31/2026,10/4/2025,,
3244 W Cortez St,Unit Ground,2/1.00,,Current,"1,675.00",5/1/2024,4/30/2027,4/30/2021,,
3244 W Cortez St,Unit 1,3/1.00,,Current,"1,750.00",3/1/2025,2/28/2027,2/19/2021,,
3258 N Clifton Ave,Unit 2,2/2.00,,Current,"4,200.00",10/1/2025,9/30/2026,10/1/2025,,
3266 W Wrightwood Ave,Unit G,2/1.00,,Current,"1,900.00",1/1/2026,3/31/2027,1/1/2026,,
33 W Delaware Pl,Unit 18B,1/1.00,,Current,"2,295.00",8/15/2025,8/31/2026,8/15/2025,,
331 S Peoria St,Unit 306,2/2.00,,Current,"2,940.00",7/1/2023,4/30/2027,2/15/2022,,
3326 N Sacramento Ave,,3/2.00,,Current,"3,250.00",8/25/2023,8/31/2026,8/25/2023,,
3327 N Claremont Ave,Unit 1,2/1.00,,Current,"1,950.00",9/1/2024,8/31/2026,8/31/2021,,
3327 N Claremont Ave,Unit 2,4/2.00,,Current,"3,170.00",11/9/2023,8/31/2026,11/9/2023,,
3327 N Claremont Ave,Unit B,1/1.00,,Current,"1,675.00",10/1/2025,9/30/2026,10/1/2025,,
3328 W Chicago Ave,Unit 1,1/1.00,,Current,"1,300.00",3/4/2026,2/28/2027,3/4/2026,,
3328 W Chicago Ave,Unit 2F,2/1.00,,Current,"1,800.00",7/1/2010,8/31/2026,7/1/2010,,
3328 W Chicago Ave,Unit 2R,2/1.00,,Vacant-Unrented,,,,,,
333 W Hubbard St,Unit 404,1/1.00,,Current,"2,695.00",11/15/2025,2/28/2027,11/15/2025,,
333 W Hubbard St,Unit 5A,2/2.00,,Current,"3,850.00",10/4/2024,9/30/2026,10/4/2024,,
3336 S Lituanica Ave,Unit 2F,2/1.00,,Current,"1,325.00",10/15/2024,2/28/2027,10/15/2024,,
3336 S Lituanica Ave,Unit 1R,2/1.00,,Current,"1,395.00",5/10/2025,5/31/2027,5/10/2025,,
3336 S Lituanica Ave,Unit 1F,0/1.00,,Current,"1,390.00",3/15/2026,3/31/2027,3/15/2026,,
3336 S Lituanica Ave,Unit 2R,3/2.00,,Current,"1,700.00",3/1/2025,2/28/2027,12/27/2023,,
3340 N Clifton Ave,Unit G,2/1.00,,Current,"1,500.00",4/1/2024,3/31/2027,4/1/2021,,
3340 N Clifton Ave,Unit 2,4/2.00,,Current,"4,200.00",9/1/2024,8/31/2026,8/15/2023,,
3340 N Clifton Ave,Unit 1,3/1.00,,Vacant-Rented,,,,,,
3359 W Potomac Ave,Unit 1,3/1.00,,Current,"1,625.00",6/1/2025,5/31/2027,7/16/2010,,
3359 W Potomac Ave,Unit 2,3/1.00,,Current,"1,625.00",7/1/2024,6/30/2027,7/2/2021,,
3359 W Potomac Ave,Unit G,3/2.00,,Current,"1,525.00",4/1/2025,3/31/2027,11/8/2021,,
3509 N Reta Ave,Unit 2,2/2.00,,Current,"3,850.00",8/1/2024,7/31/2027,8/1/2024,,
3510 W Irving Park Rd,Unit 1,3/1.00,,Current,"1,875.00",5/27/2023,5/31/2027,5/27/2023,,
3510 W Irving Park Rd,Unit 3,2/1.00,,Current,"1,995.00",6/20/2025,6/30/2026,6/20/2025,,
3510 W Irving Park Rd,Unit 2,3/1.00,,Notice-Rented,"1,990.00",6/1/2025,5/31/2026,5/31/2024,5/31/2026,
3515-17 S Lituanica Ave,3515 S Lituanica Unit 1,4/2.00,,Current,"2,275.00",1/24/2025,6/30/2027,1/24/2025,,
3515-17 S Lituanica Ave,3515 S Lituanica Ave 2,2/1.00,,Current,"1,750.00",8/1/2024,7/31/2026,7/11/2023,,
3515-17 S Lituanica Ave,3517 S Lituanica Ave 1,2/1.00,,Current,"1,695.00",9/25/2025,9/30/2026,9/25/2025,,
3515-17 S Lituanica Ave,3517 S Lituanica Ave 2,2/1.00,,Current,"1,795.00",1/19/2026,3/31/2027,1/19/2026,,
3529 S Indiana Ave,Unit G,2/2.00,,Current,"1,700.00",11/21/2025,2/28/2027,11/21/2025,,
3554 N Keeler Ave,Unit D3,2/1.00,,Current,"1,800.00",4/28/2025,4/30/2027,4/28/2025,,
3609 S Giles Ave,Unit 1,2/1.00,,Current,"1,500.00",8/1/2024,7/31/2027,8/1/2024,,
3609 S Giles Ave,Unit 3,2/1.00,,Current,"1,990.00",10/1/2024,9/30/2026,10/1/2022,,
3609 S Giles Ave,Unit 2,2/1.00,,Vacant-Unrented,,,,,,
3637 N Janssen Ave,Unit 1,3/1.50,,Current,"3,050.00",5/15/2026,5/31/2027,5/1/2026,,
3637 N Janssen Ave,Unit 2,3/1.00,,Current,"2,570.00",4/25/2025,4/30/2027,4/25/2025,,
3637 N Janssen Ave,Unit 3,1/1.00,,Current,"1,900.00",8/1/2022,7/31/2027,3/1/2025,,
3649 N Kedvale Ave,Unit 1B,2/1.00,,Vacant-Unrented,,,,,,
3712 W Concord Pl,,4/2.00,,Current,"3,020.00",8/15/2025,8/31/2027,8/15/2025,,
3739 W Shakespeare Ave,Unit 1,4/2.00,,Current,"2,650.00",9/1/2024,8/31/2026,8/15/2023,,
3739 W Shakespeare Ave,Unit 2,3/2.00,,Current,"2,275.00",10/2/2024,2/28/2027,10/2/2024,,
3910 N Paulina St,,2/2.00,,Current,"3,625.00",5/10/2025,5/31/2027,5/10/2025,,
411 W Ontario St,Unit 629,2/2.00,,Current,"4,100.00",7/1/2024,6/30/2027,6/1/2022,,
4143 N Central Park Ave,Unit 3,2/2.00,,Current,"2,245.00",12/1/2024,2/28/2027,11/26/2024,,
4155 N Marmora Ave,Unit 2,2/1.00,,Current,"1,650.00",1/1/2025,12/31/2026,12/22/2023,,
4155 N Marmora Ave,Unit 1,2/1.00,,Current,"1,650.00",10/1/2025,9/30/2026,10/1/2025,,
4155 N Marmora Ave,Unit G,1/1.00,,Current,"1,000.00",7/1/2023,3/31/2027,1/1/2023,,
420 S. Clinton St.,Unit 108A,1/1.00,,Current,"2,300.00",3/1/2025,2/28/2027,2/1/2024,,
4218 S King Dr,Unit 1N,3/2.00,,Current,"2,250.00",9/23/2025,9/30/2026,9/23/2025,,
4221 N St Louis Ave,Unit B,3/1.00,,Current,"1,450.00",3/1/2025,2/28/2027,3/1/2025,,
4221 N St Louis Ave,Unit 2,3/1.00,,Current,"2,650.00",4/1/2025,3/31/2027,4/1/2026,,
4221 N St Louis Ave,Unit 1,3/1.00,,Vacant-Unrented,,,,,,
4329 N Ashland Ave,Unit G,3/2.00,,Current,"2,615.00",7/1/2023,7/15/2027,7/1/2023,,
4329 N Ashland Ave,Unit 1,4/2.00,,Current,"4,140.00",7/1/2025,6/30/2027,8/1/2022,,
4329 N Ashland Ave,Unit 2,4/2.00,,Current,"3,900.00",11/1/2025,2/28/2027,11/1/2025,,
4329 N Ashland Ave,Unit 3,4/2.00,,Current,"4,440.00",9/1/2025,8/31/2027,9/1/2024,,
4329 N Ashland Ave,Unit C,2/1.00,,Vacant-Rented,,,,,,
4338 W Shakespeare Ave,Unit B,2/1.00,,Current,"1,525.00",1/1/2025,12/31/2026,4/22/2024,,
4338 W Shakespeare Ave,Unit 1,3/1.00,,Current,"1,350.00",1/1/2025,6/30/2026,9/1/2024,,
4338 W Shakespeare Ave,Unit 2,2/1.00,,Current,"1,350.00",1/1/2025,3/31/2027,9/1/2024,,
4339 N Whipple St,Unit G,2/1.00,,Current,"1,795.00",6/23/2025,6/30/2027,6/23/2025,,
4339 N Whipple St,Unit 1,2/1.00,,Current,"2,250.00",5/30/2025,5/31/2027,5/30/2025,,
4343 N Troy St,Unit 1,3/2.00,,Current,"2,883.00",9/23/2024,9/30/2026,9/23/2024,,
4343 N Troy St,Unit 2,2/1.00,,Current,"1,895.00",2/15/2026,3/31/2027,2/15/2026,,
440 N Wabash Ave,Unit 1012,--/1.00,,Current,"1,880.00",4/1/2025,3/31/2027,12/1/2021,,
4406 N Sacramento Ave,Unit 2C,2/1.00,,Current,"2,050.00",5/1/2026,4/30/2027,5/1/2026,,
4444 N Beacon St,Unit 3,2/1.00,,Current,"2,200.00",5/15/2024,5/31/2027,5/15/2024,,
4449 S Ellis Ave,,4/4.00,,Current,"3,860.00",8/15/2025,8/31/2026,8/15/2025,,
451 W Huron St,Unit 1103,1/1.00,,Current,"2,500.00",8/1/2024,7/31/2026,7/31/2020,,
4527 S Evans Ave,Unit 1,4/3.00,,Current,"2,725.00",10/1/2025,9/30/2026,10/1/2025,,
4527 S Evans Ave,Unit 2,3/2.00,,Current,"2,369.00",9/2/2021,2/28/2027,11/15/2019,,
4527 S Evans Ave,Unit 3,3/2.00,,Current,"2,369.00",3/1/2026,4/30/2027,4/5/2024,,
4610 N Ashland Ave,Unit 1N,3/3.00,,Current,"4,170.00",2/14/2025,8/31/2026,2/14/2025,,
4644 W 47th St,Unit G,3/1.00,,Current,"1,500.00",9/28/2024,8/31/2026,9/28/2024,,
4644 W 47th St,Unit 1,3/1.00,,Current,"1,895.00",1/12/2026,3/31/2027,1/12/2026,,
4644 W 47th St,Unit 2,3/1.00,,Evict,"1,745.00",11/15/2025,2/28/2027,11/15/2025,,
4652 N St Louis Ave,Unit 3E,2/1.00,,Current,"1,675.00",5/1/2026,4/30/2027,5/1/2026,,
4729 S. Langley Ave.,Unit 1,4/1.00,,Evict,"1,800.00",5/1/2023,4/30/2026,6/1/2018,,
4729 S. Langley Ave.,Unit 2,4/1.00,,Current,"1,700.00",6/1/2024,5/31/2027,6/1/2021,,
4729 S. Langley Ave.,Unit 3,4/1.00,,Current,"2,095.00",3/1/2025,2/28/2027,2/16/2019,,
4733 W Grace St,Unit 1,2/1.00,,Current,"2,020.00",6/1/2025,5/31/2027,6/1/2025,,
4733 W Grace St,Unit 2,2/1.00,,Current,"1,950.00",6/1/2024,5/31/2026,9/27/2023,,
4820 N Springfield Ave,Unit 1,3/2.00,,Current,"2,550.00",6/15/2024,6/30/2027,6/15/2024,,
4820 N Springfield Ave,Unit 3,4/2.00,,Current,"2,375.00",9/1/2025,8/31/2026,9/1/2025,,
4820 N Springfield Ave,Unit 4,4/2.00,,Current,"2,350.00",9/1/2024,8/31/2026,12/15/2022,,
4820 N Springfield Ave,Unit 2,4/2.00,,Vacant-Unrented,,,,,,
4923 S Vincennes Ave,Unit 1,4/3.00,,Current,"2,400.00",9/1/2024,8/31/2027,9/1/2020,,
4923 S Vincennes Ave,Unit 2,3/2.00,,Current,"2,295.00",4/1/2026,3/31/2027,4/1/2026,,
4923 S Vincennes Ave,Unit 3,3/1.50,,Current,"2,025.00",4/1/2025,3/31/2027,2/1/2020,,
4943 S Michigan Ave,Unit 2S,3/2.00,,Current,"2,175.00",9/16/2024,9/30/2026,9/16/2024,,
5048 N Marine Dr,Unit 8B,0/1.00,,Current,"1,475.00",8/15/2025,8/31/2026,8/15/2025,,
5071 N Northwest Hwy,Unit 101,2/2.00,,Current,"2,725.00",5/1/2025,5/31/2027,5/1/2025,,
5071 N Northwest Hwy,Unit 103,2/2.00,,Current,"2,700.00",4/18/2025,4/30/2027,4/18/2025,,
5071 N Northwest Hwy,Unit 104,2/2.00,,Notice-Unrented,"2,685.00",6/1/2025,5/31/2026,6/1/2025,5/31/2026,
5071 N Northwest Hwy,Unit 201,2/2.00,,Current,"2,850.00",8/20/2024,8/31/2026,8/20/2024,,
5071 N Northwest Hwy,Unit 202,2/2.00,,Current,"2,950.00",11/1/2024,6/30/2026,11/1/2024,,
5071 N Northwest Hwy,Unit 203,2/2.00,,Notice-Unrented,"2,875.00",5/1/2025,5/30/2026,5/1/2025,5/31/2026,
5071 N Northwest Hwy,Unit 204,2/2.00,,Current,"3,650.00",3/22/2025,5/30/2027,3/22/2025,,
5071 N Northwest Hwy,Unit 205,2/2.00,,Current,"3,300.00",9/1/2025,7/31/2026,9/1/2025,,
5071 N Northwest Hwy,Unit 301,2/2.00,,Notice-Unrented,"3,100.00",3/16/2025,5/31/2026,3/16/2025,5/31/2026,
5071 N Northwest Hwy,Unit 302,2/2.00,,Current,"2,975.00",12/5/2025,5/31/2027,12/5/2024,,
5071 N Northwest Hwy,Unit 303,2/2.00,,Current,"2,925.00",7/13/2025,7/31/2027,7/13/2025,,
5071 N Northwest Hwy,Unit 304,2/2.00,,Current,"3,300.00",6/15/2025,6/30/2027,6/15/2025,,
5071 N Northwest Hwy,Unit 305,2/2.00,,Notice-Unrented,"1,650.00",7/15/2025,7/14/2026,7/15/2025,7/14/2026,
5071 N Northwest Hwy,Unit 102,2/2.00,,Vacant-Unrented,,,,,,
5125 N Mason Ave,,3/2.00,,Current,"2,450.00",4/1/2026,3/31/2027,4/1/2026,,
5126 N Kimball Ave,Unit 1G,3/2.00,,Current,"2,375.00",4/18/2025,4/30/2027,4/18/2025,,
5135 S Kenwood Ave,Unit 601,2/2.00,,Current,"2,200.00",8/15/2025,8/1/2027,8/1/2025,,
5217 S University Ave,Unit C,4/2.50,,Current,"4,050.00",8/15/2025,8/31/2026,8/15/2025,,
5360 N Lowell Ave,Unit 307,2/2.00,,Current,"2,400.00",4/1/2026,3/31/2028,4/1/2026,,
540 N. Lake Shore Dr.,Unit 611,0/1.00,,Current,"1,700.00",6/2/2025,5/31/2027,6/2/2025,,
5410 W Berteau Ave,Unit 1,2/1.00,,Current,"1,895.00",2/1/2025,1/31/2027,11/2/2022,,
5410 W Berteau Ave,Unit 2,2/1.00,,Current,"1,775.00",7/1/2024,6/30/2027,6/24/2022,,
5410 W Berteau Ave,Unit B,2/1.00,,Current,"1,395.00",1/1/2026,2/28/2027,1/1/2026,,
5424 S Ellis Ave,Unit A,3/3.00,,Notice-Unrented,"3,545.00",2/1/2025,6/30/2026,2/1/2025,6/30/2026,
5460 S Woodlawn Ave,Unit 2W,1/1.00,,Current,"1,760.00",9/1/2025,8/31/2027,9/1/2025,,
5547 N Oketo Ave,,3/2.00,,Current,"2,825.00",7/1/2024,6/30/2027,6/15/2023,,
5619 W Irving Park Rd,,3/3.50,,Vacant-Unrented,,,,,,
5730 N Christiana Ave,Unit G,1/1.00,,Current,850,11/1/2024,3/31/2027,1/1/2024,,
5730 N Christiana Ave,Unit 1,3/1.50,,Current,"2,100.00",10/1/2024,10/1/2026,1/1/2024,,
5730 N Christiana Ave,Unit 2,3/1.50,,Current,"2,100.00",12/1/2023,6/1/2027,12/1/2023,,
5730 N Christiana Ave,Unit 3,3/1.50,,Notice-Unrented,"2,520.00",6/1/2025,5/31/2026,6/1/2024,5/31/2026,
600 Lake Shore Dr,Unit 1702,2/2.00,,Current,"3,720.00",6/1/2025,5/31/2027,5/7/2021,,
6030 N Sheridan,Unit 1108,2/1.00,,Vacant-Unrented,,,,,,
6038 W Matson Ave,Unit 1,2/1.00,,Current,"1,380.00",4/1/2025,3/31/2027,1/15/2006,,
6038 W Matson Ave,Unit 2,2/1.00,,Current,"1,225.00",6/1/2025,5/31/2027,6/1/2019,,
6044 S Champlain Ave,Unit 1,2/1.00,,Notice-Unrented,"1,400.00",5/1/2024,4/30/2026,5/1/2022,7/31/2026,
6044 S Champlain Ave,Unit 2,3/1.00,,Current,"1,725.00",6/1/2023,5/31/2027,3/28/2020,,
6044 S Champlain Ave,Unit 3,3/1.00,,Current,"1,700.00",4/15/2020,3/31/2027,12/16/2020,,
6044 S Champlain Ave,Unit G,2/1.00,,Current,"1,450.00",12/1/2024,2/28/2027,12/1/2024,,
6130 S Greenwood Ave,Unit 3,3/2.00,,Current,"1,975.00",2/26/2026,3/31/2027,2/26/2026,,
6160 N Damen Ave,Unit 414,2/1.00,,Notice-Unrented,"1,475.00",7/2/2024,7/31/2026,7/2/2024,7/31/2026,
621 E 90th Pl,,4/2.00,,Current,"1,950.00",9/1/2024,8/31/2026,8/15/2023,,
625 W Stratford Pl,Unit 2W,2/2.00,,Current,"2,895.00",2/6/2025,6/30/2027,2/6/2025,,
629 W Barry Ave,Unit 1E,2/1.00,,Current,"2,200.00",2/1/2025,1/31/2027,12/1/2023,,
6304 N Troy St,Unit G,2/1.00,,Current,"1,990.00",4/1/2026,3/31/2027,4/1/2026,,
6304 N Troy St,Unit 1,3/1.00,,Current,"2,550.00",4/20/2026,4/30/2027,4/20/2026,,
6304 N Troy St,Unit 2,3/1.00,,Current,"2,350.00",4/20/2026,4/30/2027,4/20/2026,,
6346 N Ridgeway Ave,Unit 1E,1/1.00,,Current,"1,550.00",7/11/2024,7/31/2027,7/11/2024,,
6401 S Eberhart Ave,6401 - Unit 1,3/1.00,,Current,"1,395.00",1/21/2026,2/28/2027,1/21/2026,,
6401 S Eberhart Ave,6403 - Unit 2,3/1.00,,Notice-Unrented,"1,495.00",6/28/2025,6/30/2026,6/28/2025,6/30/2026,
6401 S Eberhart Ave,6401 - Unit 2,3/1.00,,Vacant-Unrented,,,,,,
6401 S Eberhart Ave,6403 - Unit 1,3/1.00,,Vacant-Unrented,,,,,,
6416 S Drexel Ave,Unit G,2/2.00,,Current,"1,700.00",3/29/2026,3/31/2027,3/29/2026,,
6416 S Drexel Ave,Unit 1,3/2.00,,Current,"2,150.00",10/15/2024,2/28/2027,10/15/2024,,
6417 N Damen Ave,Unit 3W,2/2.00,,Current,"1,995.00",2/23/2026,3/31/2027,2/23/2026,,
6429 N Damen Ave,Unit 3N,2/1.00,,Current,"1,700.00",8/15/2025,8/31/2026,8/15/2025,,
6429 N Damen Ave,Unit 3S,2/1.00,,Current,"1,650.00",1/23/2026,3/31/2027,1/23/2026,,
6520 S. Drexel Ave.,,3/2.00,,Current,"2,250.00",10/1/2024,9/30/2026,10/1/2022,,
657 W Fulton St,Unit 402,2/2.00,,Notice-Unrented,"3,150.00",8/1/2024,7/31/2026,8/1/2024,7/31/2026,
6607 S. Ellis Ave.,Unit 1,2/1.00,,Current,"1,250.00",9/1/2024,8/31/2026,6/1/2016,,
6607 S. Ellis Ave.,Unit 2,2/1.00,,Notice-Unrented,"1,475.00",7/30/2025,7/31/2026,7/30/2025,7/31/2026,
6816 N Ashland Ave,Unit 2D,2/2.00,,Current,"1,975.00",2/1/2025,3/31/2027,2/1/2025,,
6910 N Lakewood Ave,Unit 3E,2/2.00,,Current,"2,050.00",6/28/2024,6/30/2027,6/28/2024,,
6947 S Jeffery Blvd,Unit 1A,2/1.00,,Current,"1,375.00",3/16/2026,3/31/2027,3/16/2026,,
6947 S Jeffery Blvd,Unit 1B,1/1.00,,Current,995,9/1/2025,8/31/2026,9/1/2025,,
6947 S Jeffery Blvd,Unit 1C,1/1.00,,Current,"2,120.00",4/1/2022,4/30/2027,4/1/2022,,
6947 S Jeffery Blvd,Unit 1D,1/1.00,,Evict,"1,050.00",12/20/2025,5/31/2027,12/20/2025,,
6947 S Jeffery Blvd,Unit 2E,1/1.00,,Current,"1,050.00",12/1/2025,11/30/2026,12/1/2025,,
6947 S Jeffery Blvd,Unit 2F,1/1.00,,Current,"1,050.00",11/1/2021,1/31/2027,11/1/2021,,
6947 S Jeffery Blvd,Unit 2G,1/1.00,,Current,"1,175.00",5/1/2025,4/30/2027,5/1/2025,,
6947 S Jeffery Blvd,Unit 2H,2/1.00,,Current,"1,475.00",12/6/2025,12/31/2026,12/6/2025,,
6947 S Jeffery Blvd,Unit 3I,2/1.00,,Current,"1,250.00",9/1/2025,8/31/2026,10/9/2023,,
6947 S Jeffery Blvd,Unit 3J,1/1.00,,Current,"1,150.00",11/1/2025,10/31/2026,11/1/2025,,
6947 S Jeffery Blvd,Unit 3L,1/1.00,,Current,"1,150.00",4/5/2024,3/31/2027,4/5/2024,,
6947 S Jeffery Blvd,Unit 3K,1/1.00,,Vacant-Unrented,,,,,,
701 S Wells St,Unit 3204,2/2.00,,Current,"2,950.00",1/23/2026,3/31/2027,1/23/2026,,
7323 S Yates Blvd,Unit 1,3/1.00,,Current,"1,350.00",2/7/2026,3/31/2027,2/7/2026,,
7323 S Yates Blvd,Unit 2,3/1.00,,Current,"1,295.00",7/1/2024,6/30/2027,6/28/2019,,
739 W Cornelia Ave,Unit N2,2/1.00,,Current,"2,750.00",3/15/2025,4/30/2027,3/15/2025,,
7431 N Hoyne Ave,Unit 3,1/1.00,,Current,"1,450.00",8/1/2024,7/31/2026,8/1/2024,,
7512 N Claremont Ave,Unit B,1/1.00,,Current,"1,220.00",10/1/2025,9/30/2026,10/1/2025,,
7512 N Claremont Ave,Unit 1,3/1.50,,Current,"1,725.00",8/1/2024,7/31/2027,7/6/2023,,
7512 N Claremont Ave,Unit 3,3/1.50,,Current,"2,100.00",2/1/2025,1/31/2027,10/29/2023,,
7512 N Claremont Ave,Unit 2,3/1.50,,Vacant-Unrented,,,,,,
7635 N Greenview Ave,Unit 2E,2/2.00,,Current,"2,175.00",8/30/2025,8/31/2026,8/30/2025,,
7643 S Clyde Ave,,4/2.00,,Current,"1,795.00",5/21/2025,5/31/2027,5/21/2025,,
7648 S King Dr,,4/2.00,,Current,"1,995.00",5/10/2025,5/31/2027,5/10/2025,,
7811 S Kimbark Ave,,4/2.00,,Current,0,10/1/2024,9/30/2026,9/15/2023,,
8140 S Coles Ave,,4/2.00,,Current,"1,800.00",8/1/2024,7/31/2026,6/1/2019,,
816 W Sunnyside Ave,Unit GA,2/2.00,,Current,"2,850.00",2/22/2026,3/31/2027,2/22/2026,,
819 N May St,Unit 3,2/2.00,,Current,"2,750.00",4/15/2026,4/30/2027,4/15/2026,,
819 N May St,Unit 1,2/2.00,,Current,"2,070.00",11/21/2023,5/31/2027,11/21/2023,,
819 N May St,Unit 2,2/2.00,,Current,"2,490.00",6/1/2025,5/31/2027,12/1/2022,,
832 W Barry Ave,Unit B,3/2.50,,Notice-Unrented,"3,995.00",8/15/2024,8/31/2026,8/15/2024,8/31/2026,
8336 S. Kingston Ave.,Unit 2,3/1.00,,Current,"1,400.00",3/1/2025,,10/21/2016,,
8336 S. Kingston Ave.,Unit 1,3/1.00,,Vacant-Unrented,,,,,,
8411 S Green St,,6/1.50,,Current,"1,800.00",8/1/2024,7/31/2027,7/31/2020,,
8423 S. Kingston Ave.,,4/1.50,,Current,"1,785.00",6/1/2024,5/31/2027,6/1/2023,,
8430 S. Kingston Ave.,,3/1.00,,Current,"1,600.00",8/1/2024,7/31/2026,8/1/2019,,
8430 S. Saginaw Ave.,,3/1.00,,Current,"1,500.00",9/1/2024,8/31/2027,8/2/2019,,
847 W Bradley Place,Unit 3F,2/2.50,,Current,"6,050.00",8/1/2025,7/31/2027,8/1/2025,,
852 N Damen Ave,Unit 2W,3/2.00,,Current,"5,425.00",5/1/2026,4/30/2027,5/1/2026,,
8524 S. Kingston Ave.,Unit 1,2/1.00,,Current,"1,300.00",2/1/2025,1/31/2027,11/1/2023,,
8524 S. Kingston Ave.,Unit 2,4/2.00,,Current,"1,550.00",7/1/2024,6/30/2027,6/29/2023,,
8527 S. Kingston Ave.,,4/2.00,,Current,"1,500.00",6/1/2024,5/31/2027,4/29/2013,,
859 W Newport Ave,Unit 3,3/2.00,,Current,"3,375.00",6/23/2025,6/30/2027,6/23/2025,,
8620 S Winchester Ave,,5/2.00,,Current,"2,795.00",9/18/2025,9/30/2026,9/18/2025,,
8632 S Union Ave,,4/2.00,,Current,"1,925.00",4/1/2023,3/31/2027,4/1/2020,,
8637 S. Essex Ave.,,3/1.00,,Current,"1,395.00",3/9/2026,3/31/2027,3/9/2026,,
869 W Cornelia Ave,Unit 2,2/1.00,,Current,"2,650.00",1/24/2026,3/31/2027,1/24/2026,,
8717 S Normal Ave,,2/1.00,,Current,"1,550.00",3/1/2023,3/31/2027,2/15/2021,,
899 S Plymouth Ct,Unit 2008,1/1.00,,Vacant-Rented,,,,,,
9008 S. Crandon Ave.,,2/1.00,,Current,"1,725.00",2/1/2025,1/31/2027,11/21/2022,,
9016 S. Justine St.,Unit 2,3/1.00,,Current,"1,600.00",10/1/2024,9/30/2026,7/1/2017,,
9016 S. Justine St.,Unit 1,3/1.00,,Vacant-Unrented,,,,,,
9110 S. Essex Ave.,,3/1.00,,Vacant-Unrented,,,,,,
9133 S. Essex Ave.,Unit 1,3/1.00,,Current,"1,425.00",6/1/2024,5/31/2027,6/1/2023,,
9133 S. Essex Ave.,Unit 2,3/1.00,,Current,"1,575.00",9/1/2023,8/31/2026,8/25/2019,,
9133 S. Essex Ave.,Unit 3,3/1.00,,Current,"1,350.00",5/1/2024,4/30/2027,4/16/2018,,
9135 S. Wabash Ave.,,3/1.50,,Current,"1,725.00",10/1/2024,9/30/2026,8/16/2019,,
9148 S. Phillips Ave.,Unit 1,3/1.00,,Current,"1,400.00",5/1/2025,4/30/2027,5/1/2018,,
9148 S. Phillips Ave.,Unit 2,3/1.00,,Current,"1,475.00",8/1/2024,7/31/2027,8/1/2020,,
915 N Monticello Ave,Unit B,2/1.00,,Current,"1,395.00",1/21/2026,3/31/2027,1/21/2026,,
915 N Monticello Ave,Unit 1,3/1.00,,Current,"1,675.00",6/1/2026,5/31/2027,6/1/2025,,
915 N Monticello Ave,Unit 2,3/1.00,,Current,"1,675.00",7/1/2025,6/30/2027,7/1/2025,,
916 W Sunnyside,Unit 3C,2/1.00,,Notice-Unrented,"2,150.00",6/14/2024,6/30/2026,6/14/2024,6/30/2026,
9201 S. Chappel Ave.,,3/1.00,,Current,"1,750.00",2/1/2025,1/31/2027,11/25/2023,,
9214 S Elizabeth St,,3/1.50,,Current,"1,700.00",2/1/2025,3/31/2027,2/1/2025,,
9232 S. Anthony Ave.,,4/1.00,,Current,"1,875.00",8/1/2025,7/31/2027,8/1/2025,,
9252-58 S. Merrill Ave.,9254,2/1.00,,Current,0,9/1/2024,8/31/2026,11/1/2014,,
9252-58 S. Merrill Ave.,9256,2/1.00,,Current,"1,300.00",9/1/2024,8/31/2026,12/1/2014,,
9252-58 S. Merrill Ave.,9258,2/1.00,,Current,"1,250.00",12/8/2025,3/31/2027,12/8/2025,,
9252-58 S. Merrill Ave.,9252,2/1.00,,Vacant-Unrented,,,,,,
9254 S Vanderpoel Ave,,2/1.50,,Current,"1,800.00",8/1/2023,7/31/2027,8/1/2019,,
9319 S. Saginaw Ave.,,4/2.00,,Current,"1,950.00",11/15/2024,2/28/2027,11/15/2024,,
9334 S Woodlawn Ave,,4/2.00,,Notice-Unrented,"1,551.00",6/4/2020,2/28/2026,6/4/2020,7/31/2026,
9336 S Eggleston Ave,,3/2.00,,Current,"1,786.00",5/1/2025,4/30/2027,12/21/2019,,
9528 S. Chappel Ave.,,2/1.00,,Current,"1,425.00",3/8/2026,3/31/2027,3/8/2026,,
9530 S. Chappel Ave.,,2/1.00,,Current,"1,475.00",10/1/2024,9/30/2026,9/15/2018,,
9530 S. Yates Blvd.,,2/1.00,,Current,"1,475.00",5/1/2023,4/30/2027,1/16/2019,,
9533 S Green St,,3/2.00,,Current,"1,995.00",6/1/2025,5/31/2026,6/10/2022,,
9552 S Greenwood Ave,,2/1.00,,Evict,"1,520.00",6/1/2024,5/31/2026,5/12/2023,5/31/2026,
9636 S Forest Ave,,4/2.00,,Current,"2,100.00",9/1/2024,8/31/2026,9/15/2018,,
9651 S Crandon Ave,,3/1.00,,Current,"1,575.00",8/1/2024,7/31/2026,8/1/2020,,
9703 S. Van Vlissingen Rd.,,3/1.00,,Current,"1,725.00",3/1/2025,2/28/2027,1/27/2023,,
9719 S. Chappel Ave.,,3/1.00,,Current,"1,675.00",5/1/2024,4/30/2027,5/1/2024,,
9735 S Harvard Ave,,5/2.00,,Current,"2,350.00",2/1/2025,1/31/2027,11/15/2022,,
9815 S. Merrion Ave.,,3/1.00,,Current,"1,700.00",2/1/2025,1/31/2027,2/3/2017,,
9817 S. Merrion Ave.,,3/2.00,,Current,"1,795.00",2/4/2025,2/28/2027,2/4/2025,,
9822 S. Yates Blvd.,,3/1.00,,Current,"1,375.00",1/18/2025,3/31/2027,1/18/2025,,
9830 S. Bensley Ave.,,2/1.00,,Current,"1,325.00",1/1/2025,3/31/2027,1/1/2025,,
9857 S. Calhoun Ave.,,3/2.00,,Current,"1,750.00",8/10/2025,8/31/2026,8/10/2025,,
9901 S Normal Ave,,3/2.00,,Current,"2,020.00",10/1/2025,9/30/2026,10/1/2025,,
9906 S. Clyde Ave.,,2/1.00,,Current,"1,550.00",5/2/2026,5/31/2027,5/2/2026,,
9918 S. Clyde Ave.,,2/1.00,,Notice-Unrented,"1,250.00",6/1/2025,5/31/2026,6/1/2017,5/31/2026,
9919 S. Paxton Ave.,,4/1.00,,Current,"1,600.00",5/20/2025,5/31/2027,5/20/2025,,
9926 S. Van Vlissingen Rd.,,2/1.00,,Current,"1,275.00",7/1/2024,,6/1/2019,,
9927 S. Paxton Ave.,,3/1.00,,Current,"1,495.00",3/15/2025,4/30/2027,3/15/2025,,
9931 S. Crandon Ave.,,4/2.00,,Current,"1,700.00",5/1/2024,4/30/2027,5/1/2023,,
9935 S. Crandon Ave.,,4/2.00,,Current,"1,800.00",2/1/2025,1/31/2027,9/1/2017,,
9946 S. Van Vlissingen Rd.,,2/1.00,,Current,"1,375.00",5/1/2025,4/30/2027,2/1/2016,,
9951 S. Oglesby Ave.,,2/1.00,,Current,"1,520.00",5/6/2026,5/31/2027,5/6/2026,,
10122 S. Luella Ave.,,3/1.00,FOR SALE ,Vacant-Unrented,,,,,,
10817 S Indiana Ave,,6/3.00,FOR SALE ,Current,"2,395.00",4/1/2025,3/31/2026,6/18/2021,,
1702 N Campbell Ave,Unit 2F,1/1.00,FOR SALE ,Current,"1,425.00",10/1/2024,,6/1/2025,,
1702 N Campbell Ave,Unit 1R,2/1.00,FOR SALE ,Current,"2,150.00",5/30/2025,5/31/2026,5/30/2025,,
1702 N Campbell Ave,Unit 1F,2/1.00,FOR SALE ,Vacant-Unrented,,,,,,
1702 N Campbell Ave,Unit 2R,2/1.00,FOR SALE ,Vacant-Unrented,,,,,,
1707 N Washtenaw Ave,Unit G,2/1.00,FOR SALE ,Current,"1,550.00",2/1/2025,,11/15/2023,,
1707 N Washtenaw Ave,Unit 2,2/1.00,FOR SALE ,Current,"2,025.00",6/1/2025,5/31/2027,6/1/2025,,
1707 N Washtenaw Ave,Unit 3,1/1.00,FOR SALE ,Current,"1,325.00",7/1/2024,,6/24/2022,,
1707 N Washtenaw Ave,Unit 1,3/1.00,FOR SALE ,Vacant-Unrented,,,,,,
2156 W Belle Plaine Ave,Unit 1F,1/1.00,FOR SALE ,Current,"1,550.00",11/1/2024,10/31/2026,11/1/2023,,
2156 W Belle Plaine Ave,Unit 2,4/2.50,FOR SALE ,Current,"4,150.00",8/1/2024,7/31/2026,8/25/2023,,
2156 W Belle Plaine Ave,Unit 1B,2/1.00,FOR SALE ,Vacant-Rented,,,,,,
2965 N Lincoln Ave,Unit 2,3/1.00,FOR SALE ,Vacant-Unrented,,,,,,
2965 N Lincoln Ave,Unit 3,2/1.00,FOR SALE ,Vacant-Unrented,,,,,,
5054 N Lockwood Ave,Unit G,1/1.00,FOR SALE ,Current,"1,050.00",4/1/2025,3/31/2027,4/1/2024,,
5054 N Lockwood Ave,Unit 1,3/1.00,FOR SALE ,Current,"1,600.00",7/1/2025,6/30/2027,4/1/2021,,
5054 N Lockwood Ave,Unit 2,3/1.00,FOR SALE ,Vacant-Unrented,,,,,,
5137 S Wabash Ave,Unit G,3/2.00,FOR SALE ,Current,"1,950.00",10/3/2025,9/30/2026,10/3/2025,,
5137 S Wabash Ave,Unit 1,3/2.00,FOR SALE ,Current,"2,400.00",2/1/2025,1/31/2027,10/15/2023,,
5137 S Wabash Ave,Unit 2,3/2.00,FOR SALE ,Notice-Unrented,"2,400.00",7/1/2024,6/30/2026,7/1/2022,6/30/2026,
5137 S Wabash Ave,Unit 3,3/2.00,FOR SALE ,Current,"2,400.00",6/20/2025,6/30/2027,6/20/2025,,
548 E 103rd Pl,,4/2.00,FOR SALE ,Current,"2,295.00",2/1/2025,1/31/2027,4/16/2020,,
6029-31 S. Eberhart Ave.,6029 - 1,3/1.00,FOR SALE ,Current,"1,675.00",3/1/2025,2/28/2027,3/1/2023,,
6029-31 S. Eberhart Ave.,6029 - 2,3/1.00,FOR SALE ,Current,"1,650.00",6/1/2025,6/30/2027,6/1/2025,,
6029-31 S. Eberhart Ave.,6029 - 3,3/1.00,FOR SALE ,Current,"1,550.00",11/28/2025,2/28/2027,11/28/2025,,
6029-31 S. Eberhart Ave.,6031 - 1,3/1.00,FOR SALE ,Current,"1,600.00",3/1/2025,2/28/2027,1/15/2024,,
6029-31 S. Eberhart Ave.,6031 - 3,3/1.00,FOR SALE ,Current,"1,495.00",9/1/2024,8/31/2026,8/15/2018,,
6029-31 S. Eberhart Ave.,6031 - 2,3/1.00,FOR SALE ,Vacant-Unrented,,,,,,
7018 N Ashland Blvd,Unit 1N,3/2.00,FOR SALE ,Vacant-Unrented,,,,,,
7642 - 7644 S. Normal Ave,7644 - 1,3/1.00,FOR SALE ,Evict,"1,350.00",5/1/2025,5/31/2026,5/1/2025,5/15/2026,
7642 - 7644 S. Normal Ave,7642 - 1,3/1.00,FOR SALE ,Vacant-Unrented,,,,,,
7642 - 7644 S. Normal Ave,7642 - 2,4/1.00,FOR SALE ,Vacant-Unrented,,,,,,
7642 - 7644 S. Normal Ave,7644 - 2,4/1.00,FOR SALE ,Vacant-Unrented,,,,,,
8520 S. Kingston Ave.,,2/1.00,FOR SALE ,Notice-Unrented,"1,250.00",7/1/2024,6/30/2026,10/15/2021,7/31/2026,
8934 S Emerald Ave,,4/1.00,FOR SALE ,Current,"1,525.00",3/1/2023,,3/1/2020,,
9548 S Euclid Ave,,2/1.50,FOR SALE ,Current,"1,325.00",5/1/2025,,11/1/2019,,
9919 S. Crandon Ave,,4/2.00,FOR SALE ,Current,"1,500.00",8/1/2024,,3/28/2019,,
253 E Delaware Pl,Unit 19C,1/1.00,OB,Vacant-Unrented,,,,,,5/8/2026
3744-46 N Wilton Ave,Unit 1S,3/1.50,OB,Vacant-Unrented,,,,,,5/12/2026
3744-46 N Wilton Ave,Unit 1N,3/1.50,OB,Vacant-Unrented,,,,,,5/12/2026
3744-46 N Wilton Ave,Unit 2S,2/1.50,OB,Vacant-Unrented,,,,,,5/12/2026
3744-46 N Wilton Ave,Unit 2N,3/1.50,OB,Vacant-Unrented,,,,,,5/12/2026
4753 S Saint Lawrence Ave,Unit 1,--/--,OB,Vacant-Unrented,,,,,,5/15/2026
4753 S Saint Lawrence Ave,Unit 2,--/--,OB,Vacant-Unrented,,,,,,5/15/2026
4753 S Saint Lawrence Ave,Unit 3,--/--,OB,Vacant-Unrented,,,,,,5/15/2026
6242 S Greenwood Ave,Unit 1N,--/--,OB,Vacant-Unrented,,,,,,5/15/2026
6242 S Greenwood Ave,Unit 1S,--/--,OB,Vacant-Unrented,,,,,,5/15/2026
6242 S Greenwood Ave,Unit 2N,--/--,OB,Vacant-Unrented,,,,,,5/15/2026
6242 S Greenwood Ave,Unit 2S,--/--,OB,Vacant-Unrented,,,,,,5/15/2026
6242 S Greenwood Ave,Unit 3N,--/--,OB,Vacant-Unrented,,,,,,5/15/2026
6242 S Greenwood Ave,Unit 3S,--/--,OB,Vacant-Unrented,,,,,,5/15/2026
6242 S Greenwood Ave,Unit 4N,--/--,OB,Vacant-Unrented,,,,,,5/15/2026
6242 S Greenwood Ave,Unit 4S,--/--,OB,Vacant-Unrented,,,,,,5/15/2026
1934 N California Ave,Unit 2,2/1.00,OB,Current,0,4/1/2026,3/31/2027,4/1/2026,,5/25/2026
1934 N California Ave,Unit 1,3/2.00,OB,Vacant-Unrented,,,,,,5/25/2026
120 E Cullerton St,Unit 205,2/2.00,OB,Vacant-Unrented,,,,,,6/1/2026
2503 S Calumet Ave,,--/--,OB,Vacant-Unrented,,,,,,6/1/2026
235 W Van Buren St,Unit 3401,2/2.00,OB,Vacant-Unrented,,,,,,7/30/2026
3735 N Tripp Ave,,5/4.50,OB,Vacant-Unrented,,,,,,8/25/2026
1111 S Wabash Ave,Unit 2501,2/2.00,PMA Canceled ,Vacant-Unrented,,,,,,
1530 W Elmdale Ave,Unit 1,2/1.00,PMA Canceled ,Notice-Unrented,"2,170.00",11/1/2024,4/30/2026,11/1/2024,6/1/2026,
1765 E 55th St,Unit D6,1/1.00,PMA Canceled ,Vacant-Unrented,,,,,,
3036 W 40th Pl,Unit 1F,2/1.00,PMA Canceled ,Vacant-Unrented,,,,,,
3036 W 40th Pl,Unit 2F,2/1.00,PMA Canceled ,Vacant-Unrented,,,,,,
3036 W 40th Pl,Unit 3F,1/1.00,PMA Canceled ,Vacant-Unrented,,,,,,
4241 S Calumet Ave,Unit G,2/1.00,PMA Canceled ,Current,"1,880.00",3/16/2026,3/31/2027,3/16/2026,,
4241 S Calumet Ave,Unit 2,4/1.00,PMA Canceled ,Current,"2,300.00",1/1/2018,10/31/2026,1/18/2018,,
4241 S Calumet Ave,Unit 3,3/1.50,PMA Canceled ,Current,"2,225.00",1/1/2026,3/31/2027,1/1/2026,,
4241 S Calumet Ave,Unit 1,3/1.00,PMA Canceled ,Vacant-Unrented,,,,,,
4553 S Michigan Ave,Unit 2W,2/1.00,PMA Canceled ,Current,"1,695.00",1/1/2024,9/30/2026,1/1/2023,,
5445 N Sheridan Rd,Unit 3501,2/2.00,PMA Canceled ,Vacant-Unrented,,,,,,
8715 S. Marquette Ave.,Unit 1,3/1.00,PMA Canceled ,Vacant-Unrented,,,,,,
8715 S. Marquette Ave.,Unit 2,3/1.00,PMA Canceled ,Vacant-Unrented,,,,,,
9012 S Buffalo Ave,,3/1.50,PMA Canceled ,Vacant-Unrented,,,,,,
,,,,,,,,,,
Total,593 Units,,,87.9% Occupied,"1,076,563.00",,,,,
